subject,word,pos,meaning,sentence e,sentence c,
History 歷史,civilization,n.,文明,Ancient civilizations like Egypt built amazing pyramids.,像埃及這樣的古文明建造了驚人的金字塔。,
History 歷史,empire,n.,帝國,The Roman Empire was one of the largest empires in history.,羅馬帝國是歷史上最大的帝國之一。,
History 歷史,king,n.,國王,A king rules over a kingdom with the help of advisors.,國王在顧問的幫助下統治王國。,
History 歷史,war,n.,戰爭,War often changes the borders of countries.,戰爭常常改變國家的邊界。,
History 歷史,tradition,n.,傳統,Families pass down traditions from one generation to the next.,家庭將傳統代代相傳。,
History 歷史,dynasty,n.,王朝,The Tang Dynasty was a golden age of Chinese poetry and art.,唐朝是中國詩歌與藝術的黃金時代。,
History 歷史,archaeology,n.,考古學,Archaeology helps us understand ancient cultures through material remains.,考古學透過物質遺存幫助我們理解古代文化。,
History 歷史,artifact,n.,文物,Archaeologists study artifacts to learn about past civilizations.,考古學家研究文物以了解過去的文明。,
History 歷史,heritage,n.,遺產,"Cultural heritage includes traditions, monuments, and languages passed down through generations.",文化遺產包含代代相傳的傳統、古蹟與語言。,
History 歷史,excavation,n.,挖掘,Archaeological excavation requires careful documentation of every layer of soil.,考古挖掘需要仔細記錄每一層土壤。,
History 歷史,chronicle,n.,編年史,Medieval monks wrote chronicles to record important events year by year.,中世紀僧侶撰寫編年史，逐年記錄重要事件。,
History 歷史,revolution,n.,革命,The American Revolution led to the independence of the United States.,美國革命導致了美國的獨立。,
History 歷史,colony,n.,殖民地,Many countries established colonies to expand their power and trade.,許多國家建立殖民地以擴張權力和貿易。,
History 歷史,migration,n.,遷徙,Human migration has shaped the cultural landscape of the world.,人類遷徙塑造了世界的文化景觀。,
History 歷史,feudalism,n.,封建制度,Feudalism was a social system in medieval Europe where land was exchanged for service.,封建制度是中世紀歐洲的一種社會制度，以土地交換服務。,
History 歷史,renaissance,n.,文藝復興,The Renaissance marked a period of great cultural and intellectual rebirth in Europe.,文藝復興標誌著歐洲文化與知識重大重生的時期。,
History 歷史,imperialism,n.,帝國主義,Imperialism often involves a powerful nation extending its influence over weaker territories.,帝國主義通常涉及一個強大的國家將其影響力擴張到較弱的領土上。,
History 歷史,industrialization,n.,工業化,"Industrialization transformed agrarian societies into urban, manufacturing centers.",工業化將農業社會轉變為城市製造中心。,
History 歷史,city-state,n.,城邦,Ancient Greece was composed of several independent city-states like Athens and Sparta.,古希臘由幾個獨立的城邦組成，如雅典和斯巴達。,
History 歷史,manorialism,n.,莊園制度,Manorialism was the economic system of medieval Europe based on self-sufficient estates.,莊園制度是中世紀歐洲基於自給自足莊園的經濟體系。,
History 歷史,chivalry,n.,騎士精神,"The code of chivalry emphasized honor, bravery, and the protection of the weak.",騎士精神準則強調榮譽、勇敢以及保護弱者。,
History 歷史,absolutism,n.,君主專制,Absolutism in Europe gave monarchs total power over their subjects and the state.,歐洲的君主專制賦予君主對臣民和國家的絕對權力。,
History 歷史,decolonization,n.,去殖民化,Decolonization after World War II led to the independence of many African nations.,二次大戰後的去殖民化導致了許多非洲國家的獨立。,
History 歷史,nationalism,n.,民族主義,Nationalism played a key role in the unification of Germany and Italy in the 19th century.,民族主義在 19 世紀德意志與義大利的統一中扮演了關鍵角色。,
History 歷史,globalization,n.,全球化,Globalization has increased the economic interdependence between countries across the world.,全球化增加了世界各國之間經濟上的相互依存。,
History 歷史,historiography,n.,歷史編纂學,Historiography examines how historical narratives change over time based on new evidence.,歷史編纂學研究歷史敘事如何根據新證據隨時間而改變。,
History 歷史,colonialism,n.,殖民主義,Colonialism involved powerful nations controlling weaker territories for resources.,殖民主義涉及強國為資源控制較弱領土。,
History 歷史,enlightenment,n.,啟蒙運動,"The Enlightenment emphasized reason, science, and individual rights.",啟蒙運動強調理性、科學與個人權利。,
History 歷史,industrial revolution,n.,工業革命,The Industrial Revolution transformed economies from agricultural to industrial.,工業革命將經濟從農業轉型為工業。,
History 歷史,cold war,n.,冷戰,The Cold War was a period of political tension between the US and USSR.,冷戰是美國與蘇聯之間政治緊張的時期。,
History 歷史,postcolonialism,n.,後殖民主義,Postcolonialism analyzes the cultural and political impacts of colonial rule.,後殖民主義分析殖民統治的文化與政治影響。,
History 歷史,oral history,n.,口述歷史,Oral history preserves personal narratives that may not appear in written records.,口述歷史保存可能未出現在書面記錄中的個人敘事。,
History 歷史,historical materialism,n.,歷史唯物主義,Historical materialism views economic factors as the primary driver of historical change.,歷史唯物主義將經濟因素視為歷史變遷的主要驅動力。,
History 歷史,paleolithic,adj.,舊石器時代的,Paleolithic humans primarily relied on hunting and gathering for survival.,舊石器時代的人類主要依靠狩獵和採集生存。,
History 歷史,neolithic revolution,n.,新石器革命,The Neolithic Revolution marked the transition from nomadic life to settled farming.,新石器革命標誌著從遊牧生活到定居農業的轉變。,
History 歷史,nomadic,adj.,遊牧的,Nomadic tribes traveled from place to place to find fresh pasture for their livestock.,遊牧部落四處遷移，為他們的牲畜尋找新鮮的牧場。,
History 歷史,sedentary,adj.,定居的,The development of agriculture allowed humans to lead a sedentary lifestyle in permanent villages.,農業的發展使人類能夠在永久性的村莊中過上定居生活。,
History 歷史,secular,adj.,世俗的,"During the Renaissance, secular interests in art and science began to grow alongside religious ones.",在文藝復興時期，世俗對藝術與科學的興趣開始隨著宗教興趣一同增長。,
History 歷史,clerical,adj.,教會的；神職人員的,Clerical authority was often challenged by monarchs who wanted more control over their own lands.,教會權威經常受到想要對自己土地擁有更多控制權的君主的挑戰。,
History 歷史,conquest,n.,征服,The Norman Conquest of 1066 changed the course of English history.,1066 年的諾曼征服改變了英國歷史的進程。,
History 歷史,reformation,n.,改革運動,The Protestant Reformation challenged the authority of the Catholic Church in the 16th century.,16 世紀的宗教改革運動挑戰了天主教會的權威。,
History 歷史,rebellion,n.,叛亂,Rebellions often arise when people feel oppressed by their rulers.,當人民感到被統治者壓迫時，叛亂常常發生。,
History 歷史,alliance,n.,聯盟,Military alliances like NATO are formed to ensure collective defense.,像北約這樣的軍事聯盟是為確保集體防禦而建立的。,
History 歷史,treaty,n.,條約,The Treaty of Versailles ended World War I but created new tensions.,凡爾賽條約結束了第一次世界大戰，但也製造了新的緊張。,
History 歷史,monarchy,n.,君主制,"In a constitutional monarchy, the king or queen has limited political power.",在君主立憲制中，國王或女王的政治權力有限。,
History 歷史,republic,n.,共和國,A republic is a form of government where leaders are elected by citizens.,共和國是一種由公民選舉領導人的政府形式。,
Politics 政治,rule,n.,規則,Rules help keep our classroom safe and fair.,規則幫助保持我們教室的安全與公平。,
Politics 政治,vote,v.,投票,Citizens vote to choose their leaders in a democracy.,在民主制度中，公民投票選舉領導人。,
Politics 政治,law,n.,法律,Laws are rules that everyone in a country must follow.,法律是一個國家中每個人都必須遵守的規則。,
Politics 政治,citizen,n.,公民,A citizen has rights and responsibilities in their country.,公民在其國家中擁有權利與責任。,
Politics 政治,government,n.,政府,The government is responsible for making and enforcing laws.,政府負責制定和執行法律。,
Politics 政治,election,n.,選舉,Regular elections allow citizens to choose their representatives.,定期選舉讓公民選擇他們的代表。,
Politics 政治,rights,n.,權利,Human rights include freedom of speech and the right to education.,人權包括言論自由和受教育權。,
Politics 政治,constitution,n.,憲法,A constitution is the fundamental law that defines a government's structure.,憲法是定義政府結構的根本大法。,
Politics 政治,democracy,n.,民主,Direct democracy allows citizens to vote on laws and policies personally rather than through representatives.,直接民主允許公民親自對法律和政策進行投票，而不是透過代表。,
Politics 政治,federalism,n.,聯邦制,Federalism divides power between national and regional governments.,聯邦制在國家與區域政府之間分配權力。,
Politics 政治,ideology,n.,意識形態,Political ideology shapes how people view society and government.,政治意識形態塑造人們對社會與政府的看法。,
Politics 政治,civil rights,n.,民權,The civil rights movement fought for equal treatment under the law.,民權運動為法律下的平等對待而奮鬥。,
Politics 政治,referendum,n.,公民投票,A referendum allows citizens to vote directly on a specific policy issue.,公民投票讓公民直接對特定政策議題投票。,
Politics 政治,sovereignty,n.,主權,National sovereignty refers to the right of a state to govern itself without interference.,國家主權是指一個國家在不受干涉的情況下自我治理的權利。,
Politics 政治,hegemony,n.,霸權,The superpower maintained its global hegemony through both military and economic means.,該超級大國透過軍事與經濟手段維持其全球霸權。,
Politics 政治,bureaucracy,n.,官僚體系,A large bureaucracy can sometimes lead to inefficiency in government operations.,龐大的官僚體系有時會導致政府運作效率低下。,
Politics 政治,liberalism,n.,自由主義,"Liberalism advocates for individual rights, democracy, and the rule of law.",自由主義主張個人權利、民主與法治。,
Politics 政治,conservatism,n.,保守主義,Conservatism generally favors tradition and stability over rapid social change.,保守主義通常偏好傳統與穩定，而非快速的社會變遷。,
Politics 政治,checks and balances,n.,制衡機制,The system of checks and balances prevents any single branch of government from becoming too powerful.,制衡機制防止政府的任何單一部門變得過於強大。,
Politics 政治,meritocracy,n.,菁英領導制,"In a pure meritocracy, power is vested in individuals based on their talent and effort.",在純粹的菁英領導制中，權力根據才華與努力賦予個人。,
Politics 政治,diplomacy,n.,外交,Diplomacy is the art of conducting negotiations between nations to maintain peace.,外交是各國之間進行談判以維持和平的藝術。,
Politics 政治,populism,n.,民粹主義,Populism often appeals to the common people who feel ignored by elite groups.,民粹主義通常訴諸那些感到被精英群體忽視的普通民眾。,
Politics 政治,suffrage,n.,選舉權,The women's suffrage movement fought for decades to win the right to vote.,女性選舉權運動奮鬥了數十年才贏得投票權。,
Politics 政治,autocracy,n.,獨裁政體,"In an autocracy, one person possesses unlimited power and the citizens have little say in government.",在獨裁政體中，一個人擁有無限權力，而公民在政府中幾乎沒有發言權。,
Politics 政治,oligarchy,n.,寡頭政治,"In an oligarchy, power is concentrated in the hands of a small, elite group.",在寡頭政治中，權力集中在一個小型的精英群體手中。,
Politics 政治,theocracy,n.,神權政治,A theocracy is a system of government where priests rule in the name of a god.,神權政治是一種由神職人員以神之名實施統治的政府體系。,
Politics 政治,totalitarianism,n.,極權主義,Totalitarianism is a form of government that exerts total control over its citizens' lives.,極權主義是一種對公民生活實施全面控制的政府形式。,
Politics 政治,biopolitics,n.,生命政治,"Biopolitics examines how states regulate populations through health, reproduction, and life policies.",生命政治檢視國家如何透過健康、生殖與生命政策管理人口。,
Politics 政治,deliberative democracy,n.,審議式民主,Deliberative democracy emphasizes reasoned discussion among citizens before making collective decisions.,審議式民主強調公民在做出集體決策前進行理性討論。,
Politics 政治,soft power,n.,軟實力,"Soft power influences others through culture, values, and diplomacy rather than coercion.",軟實力透過文化、價值與外交而非強迫來影響他人。,
Politics 政治,transitional justice,n.,轉型正義,Transitional justice addresses human rights violations after periods of conflict or authoritarian rule.,轉型正義處理衝突或威權統治時期後的人權侵害問題。,
Politics 政治,appeasement,n.,姑息政策,The policy of appeasement failed to prevent the outbreak of World War II.,姑息政策未能防止第二次世界大戰的爆發。,
Politics 政治,gerrymandering,n.,(為政黨利益)不公平劃分選區,Gerrymandering is used to manipulate boundaries to give one political party an unfair advantage.,不公平劃分選區被用來操縱選區邊界，以賦予某個政黨不公平的優勢。,
Politics 政治,egalitarianism,n.,平等主義,Egalitarianism advocates for equal rights and opportunities for all citizens.,平等主義主張所有公民享有平等的權利與機會。,
Politics 政治,geopolitical,adj.,地緣政治的,Geopolitical factors influence how nations form alliances and trade relationships.,地緣政治因素影響各國如何建立聯盟與貿易關係。,
Politics 政治,multilateralism,n.,多邊主義,Multilateralism promotes cooperation among multiple nations to address global challenges.,多邊主義促進多國合作以應對全球挑戰。,
Politics 政治,bilateral,adj.,雙邊的,The two countries signed a bilateral trade agreement to boost economic ties.,兩國簽署雙邊貿易協定以加強經濟聯繫。,
Politics 政治,sanctions,n.,制裁,Economic sanctions are often used as a tool of diplomatic pressure.,經濟制裁常被用作外交施壓的工具。,
Politics 政治,embargo,n.,禁運,An embargo restricts trade with a specific country for political reasons.,禁運出於政治原因限制與特定國家的貿易。,
Politics 政治,ratification,n.,批准,Ratification is the formal process by which a treaty becomes legally binding.,批准是條約成為具有法律約束力的正式程序。,
Politics 政治,protocol,n.,議定書,The Kyoto Protocol established targets for reducing greenhouse gas emissions.,京都議定書設定了減少溫室氣體排放的目標。,
Politics 政治,convention,n.,公約,International conventions set standards for human rights and humanitarian law.,國際公約為人權與人道主義法設立標準。,
Politics 政治,mediation,n.,調解,Mediation involves a neutral third party helping disputing sides reach agreement.,調解涉及中立第三方協助爭議雙方達成協議。,
Politics 政治,arbitration,n.,仲裁,Arbitration is a method of resolving disputes outside of court through a binding decision.,仲裁是一種透過具有約束力的決定在法庭外解決爭議的方法。,
Politics 政治,extradition,n.,引渡,Extradition treaties allow countries to transfer suspects for prosecution.,引渡條約允許各國移交嫌疑人以進行起訴。,
Politics 政治,asylum,n.,庇護,Political asylum protects individuals fleeing persecution in their home countries.,政治庇護保護那些逃離本國迫害的個人。,
Politics 政治,refugee,n.,難民,Refugees are people forced to leave their country due to war or persecution.,難民是因戰爭或迫害而被迫離開本國的人。,
Politics 政治,humanitarian,adj.,人道主義的,Humanitarian aid provides emergency assistance to populations affected by crisis.,人道主義援助為受危機影響的人群提供緊急援助。,
Politics 政治,intervention,n.,干預,Humanitarian intervention aims to protect civilians during armed conflict.,人道主義干預旨在武裝衝突期間保護平民。,
Politics 政治,peacekeeping,n.,維和,UN peacekeeping forces monitor ceasefires and help stabilize conflict zones.,聯合國維和部隊監督停火並協助穩定衝突地區。,
Politics 政治,hard power,n.,硬實力,Hard power relies on military and economic strength to influence other states.,硬實力依靠軍事與經濟實力來影響其他國家。,
Politics 政治,realism,n.,現實主義,Realism in international relations emphasizes national interest and power politics.,國際關係中的現實主義強調國家利益與權力政治。,
Politics 政治,constructivism,n.,建構主義,Constructivism argues that international norms and identities shape state behavior.,建構主義認為國際規範與認同塑造國家行為。,
Politics 政治,tech sovereignty,n.,科技主權,Tech sovereignty refers to a nation's ability to control its own digital infrastructure and data.,科技主權指國家掌控自身數位基礎設施與數據的能力。,
Politics 政治,cybersecurity,n.,網路安全,National cybersecurity strategies protect critical infrastructure from digital threats.,國家網路安全策略保護關鍵基礎設施免受數位威脅。,
Politics 政治,platform governance,n.,平台治理,Platform governance addresses how tech companies moderate content and protect user rights.,平台治理探討科技公司如何管理內容並保護使用者權利。,
Politics 政治,digital rights,n.,數位權利,"Digital rights include freedom of expression, privacy, and access to information in the digital age.",數位權利包含數位時代的言論自由、隱私權與資訊取得權。,
Politics 政治,artificial intelligence regulation,n.,人工智慧監管,AI regulation aims to ensure that emerging technologies serve public interest and ethical standards.,人工智慧監管旨在確保新興科技符合公共利益與倫理標準。,
Politics 政治,responsible innovation,n.,負責任創新,Responsible innovation policies ensure that technological advances align with societal values.,負責任創新政策確保科技進展符合社會價值。,
Philosophy 哲學,truth,n.,真理,Seeking truth is an important part of learning.,追求真理是學習的重要部分。,
Philosophy 哲學,question,n.,問題,Asking questions helps us understand the world better.,提問幫助我們更好地理解世界。,
Philosophy 哲學,right,n.,權利,Everyone has the right to share their opinions.,每個人都有權利表達自己的意見。,
Philosophy 哲學,choice,n.,選擇,Making good choices is a skill we learn over time.,做出好的選擇是我們隨時間學習的技能。,
Philosophy 哲學,virtue,n.,美德,Honesty and courage are examples of important virtues.,誠實和勇氣是重要美德的例子。,
Philosophy 哲學,reason,n.,理性,Using reason allows us to make logical decisions.,運用理性使我們能夠做出合乎邏輯的決定。,
Philosophy 哲學,justice,n.,正義,Justice means treating people fairly according to the law.,正義意味著根據法律公平對待人們。,
Philosophy 哲學,ethics,n.,倫理學,Ethics helps us decide what is right and wrong in difficult situations.,倫理學幫助我們在困難情境中判斷對錯。,
Philosophy 哲學,logic,n.,邏輯學,Logic provides rules for valid reasoning and argumentation.,邏輯學為有效推理與論證提供規則。,
Philosophy 哲學,aesthetics,n.,美學,"Aesthetics examines the nature of beauty, art, and taste.",美學探討美、藝術與品味的本質。,
Philosophy 哲學,morality,n.,道德,Morality involves principles concerning the distinction between right and wrong.,道德涉及關於對錯區分的原則。,
Philosophy 哲學,consciousness,n.,意識,Consciousness refers to the state of being aware of and able to think about one's experiences.,意識指覺察並能思考自身經驗的狀態。,
Philosophy 哲學,free will,n.,自由意志,The debate over free will asks whether humans can truly make independent choices.,關於自由意志的辯論探討人類是否真的能做出獨立選擇。,
Philosophy 哲學,determinism,n.,決定論,"Determinism holds that all events, including human actions, are determined by prior causes.",決定論認為所有事件（包括人類行為）都由先前原因所決定。,
Philosophy 哲學,pragmatism,n.,實用主義,Pragmatism judges ideas by their practical consequences rather than abstract principles.,實用主義以實際後果而非抽象原則來評判觀念。,
Philosophy 哲學,stoicism,n.,斯多葛主義,Stoicism teaches individuals to maintain self-control and detachment from emotions.,斯多葛主義教導個人保持自我克制並超脫情感。,
Philosophy 哲學,social contract,n.,社會契約,The social contract theory suggests that individuals give up some rights for protection.,社會契約論認為個人放棄部分權利以換取保護。,
Philosophy 哲學,humanism,n.,人文主義,Humanism focuses on human values and the potential for individual achievement.,人文主義關注人類價值與個人成就的潛力。,
Philosophy 哲學,rationalism,n.,理性主義,Rationalism believes that reason is the primary source of knowledge.,理性主義認為理性是知識的主要來源。,
Philosophy 哲學,skepticism,n.,懷疑論,Skepticism encourages questioning assumptions before accepting them as true.,懷疑論鼓勵在接受假設為真之前先質疑它們。,
Philosophy 哲學,dialectic,n.,辯證法,The dialectic method uses discussion to resolve contradictions and find truth.,辯證法透過討論解決矛盾並尋找真理。,
Philosophy 哲學,epistemology,n.,知識論,Epistemology asks fundamental questions about the nature and limits of human knowledge.,知識論對人類知識的本質與極限提出了根本性的問題。,
Philosophy 哲學,metaphysics,n.,形上學,"Metaphysics explores concepts beyond the physical world, such as existence and time.",形上學探索物理世界之外的概念，例如存在與時間。,
Philosophy 哲學,utilitarianism,n.,功利主義,Utilitarianism promotes actions that provide the greatest good for the greatest number.,功利主義提倡能為最大多數人提供最大利益的行動。,
Philosophy 哲學,empiricism,n.,經驗主義,Empiricism states that all knowledge must be grounded in sensory experience.,經驗主義主張所有知識都必須建立在感官經驗之上。,
Philosophy 哲學,existentialism,n.,存在主義,Existentialism emphasizes individual freedom and the responsibility to create meaning.,存在主義強調個人自由以及創造意義的責任。,
Philosophy 哲學,ontology,n.,本體論,Ontology studies the nature of being and what it means to exist.,本體論研究存在的本質以及「存在」意味著什麼。,
Philosophy 哲學,phenomenology,n.,現象學,Phenomenology focuses on the study of conscious experience from a first-person view.,現象學專注於從第一人稱視角研究意識經驗。,
Philosophy 哲學,post-structuralism,n.,後結構主義,Post-structuralism challenges the idea that language and culture have fixed structures.,後結構主義挑戰了語言與文化具有固定結構的觀點。,
Philosophy 哲學,idealism,n.,唯心主義,Idealism asserts that reality is mentally constructed or otherwise immaterial.,唯心主義主張現實是精神上建構的，或者是非物質的。,
Philosophy 哲學,materialism,n.,唯物主義,Materialism holds that matter is the fundamental substance in nature and all things are results of material interactions.,唯物主義認為物質是自然界的基本實體，所有事物都是物質交互作用的結果。,
Philosophy 哲學,nihilism,n.,虛無主義,"Nihilism is the philosophical belief that life is without objective meaning, purpose, or intrinsic value.",虛無主義是一種哲學信念，認為生命沒有客觀意義、目的或內在價值。,
Philosophy 哲學,deconstruction,n.,解構,"Deconstruction examines how language and texts contain multiple, often conflicting meanings.",解構檢視語言與文本如何包含多重且常相互衝突的意義。,
Philosophy 哲學,categorical imperative,n.,定言令式,Kant's categorical imperative requires actions to be universalizable as moral law.,康德的定言令式要求行動能作為道德法則普遍化。,
Philosophy 哲學,epistemic justice,n.,認知正義,Epistemic justice addresses inequalities in whose knowledge is valued and heard.,認知正義處理誰的知識被重視與聆聽的不平等問題。,
Education 教育,school,n.,學校,Children learn important skills and knowledge at school.,孩子們在學校學習重要的技能與知識。,
Education 教育,teacher,n.,教師,A good teacher inspires students to love learning.,一位好老師能激發學生熱愛學習。,
Education 教育,student,n.,學生,Students work hard to achieve their academic goals.,學生努力達成他們的學術目標。,
Education 教育,learn,v.,學習,We learn new things every day through experience and study.,我們每天透過經驗與學習新事物。,
Education 教育,knowledge,n.,知識,Knowledge is power that helps us understand and improve the world.,知識是幫助我們理解並改善世界的力量。,
Education 教育,curriculum,n.,課程,A well-designed curriculum balances academic knowledge with critical thinking and civic engagement.,設計良好的課程能平衡學術知識與批判性思維及公民參與。,
Education 教育,pedagogy,n.,教學法,Progressive pedagogy emphasizes student-centered learning and active participation.,進步教學法強調以學生為中心的學習與主動參與。,
Education 教育,literacy,n.,素養,Digital literacy is essential for navigating the modern information landscape.,數位素養對於駕馭現代資訊環境至關重要。,
Education 教育,assessment,n.,評量,Formative assessment helps teachers adjust instruction based on student progress.,形成性評量幫助教師根據學生進展調整教學。,
Education 教育,classroom,n.,教室,A supportive classroom environment encourages students to take intellectual risks.,支持性的教室環境鼓勵學生勇於智力探索。,
Education 教育,instruction,n.,教學,Differentiated instruction meets the diverse learning needs of all students.,差異化教學滿足所有學生的多元學習需求。,
Education 教育,textbook,n.,教科書,Textbooks provide structured content but should be supplemented with diverse resources.,教科書提供結構化內容，但應輔以多元資源。,
Education 教育,scholarship,n.,獎學金；學術研究,Scholarship requires rigorous research and critical engagement with existing knowledge.,學術研究需要嚴謹的研究並與現有知識進行批判性對話。,
Education 教育,academic,adj.,學術的,Academic freedom protects educators' right to pursue knowledge without political interference.,學術自由保護教育者不受政治干預地追求知識的權利。,
Education 教育,enrollment,n.,入學,University enrollment has increased as more students pursue higher education.,隨著更多學生追求高等教育，大學入學人數有所增加。,
Education 教育,graduation,n.,畢業,Graduation marks the completion of a significant educational milestone.,畢業標誌著完成一個重要的教育里程碑。,
Education 教育,education policy,n.,教育政策,"Education policy shapes curriculum standards, teacher training, and resource allocation.",教育政策影響課程標準、師資培訓與資源分配。,
Education 教育,equity in education,n.,教育公平,Equity in education ensures that all students have access to quality learning regardless of background.,教育公平確保所有學生不分背景都能取得優質學習資源。,
Education 教育,academic freedom,n.,學術自由,Academic freedom protects educators' and researchers' right to pursue knowledge without political interference.,學術自由保護教育者與研究者不受政治干預地追求知識的權利。,
Education 教育,standardized testing,n.,標準化測驗,Debates over standardized testing focus on its impact on teaching quality and student well-being.,關於標準化測驗的辯論聚焦於其對教學品質與學生福祉的影響。,
Education 教育,lifelong learning,n.,終身學習,Lifelong learning policies support citizens in adapting to economic and technological changes.,終身學習政策支援公民適應經濟與科技變遷。,
Education 教育,civic education,n.,公民教育,Civic education prepares young people to participate responsibly in democratic processes.,公民教育幫助年輕人準備負責任地參與民主程序。,
Education 教育,educational equity,n.,教育平等,Educational equity addresses systemic barriers that prevent marginalized groups from succeeding.,教育平等致力於消除阻礙邊緣群體成功的結構性障礙。,
Education 教育,school autonomy,n.,學校自主權,School autonomy allows local educators to tailor programs to community needs while meeting national standards.,學校自主權讓地方教育者能在符合國家標準的同時，依社區需求調整課程。,
Education 教育,teacher accountability,n.,教師問責制,Teacher accountability systems aim to improve educational outcomes through performance evaluation.,教師問責制旨在透過績效評估提升教育成果。,
Education 教育,STEM education,n.,STEM 教育,"STEM education policies promote science, technology, engineering, and math literacy for future innovation.",STEM 教育政策推動科學、科技、工程與數學素養，以促進未來創新。,以促進未來創新。
Education 教育,inclusive education,n.,融合教育,Inclusive education ensures that students with diverse needs learn together in supportive environments.,融合教育確保有不同需求的學生能在支援性環境中共同學習。,
Education 教育,educational decentralization,n.,教育去中心化,Educational decentralization shifts decision-making power from central authorities to local schools.,教育去中心化將決策權從中央機關轉移至地方學校。,
Education 教育,knowledge economy,n.,知識經濟,"In a knowledge economy, education and innovation become central drivers of national competitiveness.",在知識經濟中，教育與創新成為國家競爭力的核心驅動力。,
Education 教育,critical thinking,n.,批判性思維,Critical thinking enables students to analyze information and form reasoned judgments.,批判性思維使學生能夠分析資訊並形成理性判斷。,
Education 教育,formative assessment,n.,形成性評量,Formative assessment provides ongoing feedback to guide student learning during instruction.,形成性評量提供持續回饋，在教學過程中引導學生學習。,
Education 教育,summative assessment,n.,總結性評量,Summative assessment evaluates student learning at the end of an instructional unit.,總結性評量在教學單元結束時評估學生學習成果。,
Education 教育,differentiated instruction,n.,差異化教學,Differentiated instruction adapts teaching methods to accommodate diverse learning styles and abilities.,差異化教學調整教學方法以適應多元學習風格與能力。,
Education 教育,scaffolding,n.,鷹架教學,Scaffolding provides temporary support to help students master new concepts independently.,鷹架教學提供暫時性支援，幫助學生獨立掌握新概念。,
Education 教育,metacognition,n.,後設認知,Metacognition helps learners reflect on their own thinking processes and improve study strategies.,後設認知幫助學習者反思自身的思維過程並改進學習策略。,
Education 教育,experiential learning,n.,體驗式學習,Experiential learning connects theoretical knowledge with real-world practice through hands-on activities.,體驗式學習透過實作活動將理論知識與現實實踐相結合。,
Law 法律,rule,n.,規則,Rules help keep our classroom safe and fair.,規則幫助保持我們教室的安全與公平。,
Law 法律,law,n.,法律,Laws are rules that everyone in a country must follow.,法律是一個國家中每個人都必須遵守的規則。,
Law 法律,judge,n.,法官,A judge interprets the law and makes decisions in court cases.,法官解釋法律並在法庭案件中做出裁決。,
Law 法律,court,n.,法院,Courts resolve disputes and ensure justice is served according to the law.,法院解決爭議並確保依法實現正義。,
Law 法律,crime,n.,犯罪,Crime violates legal statutes and may result in punishment.,犯罪違反法律法規，可能導致懲罰。,
Law 法律,punishment,n.,懲罰,Punishment aims to deter crime and rehabilitate offenders.,懲罰旨在嚇阻犯罪並使違法者復歸社會。,
Law 法律,legal,adj.,法律的,Legal advice helps individuals understand their rights and obligations.,法律諮詢幫助個人理解其權利與義務。,
Law 法律,justice,n.,正義,Justice means treating people fairly according to the law.,正義意味著根據法律公平對待人們。,
Law 法律,rights,n.,權利,Human rights include freedom of speech and the right to education.,人權包括言論自由和受教育權。,
Law 法律,contract,n.,契約,A contract is a legally binding agreement between two or more parties.,契約是兩方或多方之間具有法律約束力的協議。,
Law 法律,evidence,n.,證據,Evidence must be reliable and relevant to support a legal argument.,證據必須可靠且相關，才能支持法律論點。,
Law 法律,trial,n.,審判,A fair trial ensures that the accused has the opportunity to defend themselves.,公平審判確保被告有機會為自己辯護。,
Law 法律,verdict,n.,判決,The jury reached a verdict after days of deliberation.,陪審團經過數天商議後達成了判決。,
Law 法律,appeal,n.,上訴,The defendant decided to appeal the court's decision to a higher court.,被告決定向更高級法院上訴該判決。,
Law 法律,statute,n.,法規,A statute is a written law passed by a legislative body.,法規是由立法機關通過的書面法律。,
Law 法律,jurisdiction,n.,管轄權,Jurisdiction determines which court has the authority to hear a particular case.,管轄權決定哪個法院有權審理特定案件。,
Law 法律,judicial,adj.,司法的,The judicial branch interprets laws and ensures they align with the constitution.,司法部門解釋法律並確保其符合憲法。,
Law 法律,judiciary,n.,司法部門,An independent judiciary is essential for upholding the rule of law.,獨立的司法部門對於維護法治至關重要。,
Law 法律,legislature,n.,立法機關,"The legislature is responsible for drafting, debating, and passing laws.",立法機關負責起草、辯論與通過法律。,
Law 法律,executive,n.,行政部門,The executive branch implements laws and manages day-to-day government operations.,行政部門負責執行法律並管理日常政府運作。,
Law 法律,amendment,n.,修正案,Constitutional amendments allow a nation's fundamental law to evolve over time.,憲法修正案讓國家的根本大法能隨時間演進。,
Law 法律,plaintiff,n.,原告,The plaintiff filed a lawsuit claiming damages for breach of contract.,原告提起訴訟，主張因違約造成的損害賠償。,
Law 法律,defendant,n.,被告,The defendant has the right to legal representation during trial.,被告在審判期間有權獲得法律代表。,
Law 法律,precedent,n.,判例,Judges often refer to a legal precedent to ensure consistency in their rulings.,法官通常參考法律判例，以確保裁決的一致性。,
Law 法律,jurisprudence,n.,法理學,Jurisprudence studies the philosophy and theory underlying legal systems.,法理學研究法律體系背後的哲學與理論。,
Law 法律,constitutional law,n.,憲法學,Constitutional law examines how government powers are defined and limited by a constitution.,憲法學探討政府權力如何由憲法定義與限制。,
Law 法律,civil law,n.,民法,"Civil law governs disputes between individuals or organizations, such as contracts and property.",民法規範個人或組織之間的爭議，如契約與財產。,
Law 法律,criminal law,n.,刑法,Criminal law defines offenses against society and prescribes punishments for violations.,刑法定義危害社會的犯罪行為，並規定違犯的懲罰。,
Law 法律,common law,n.,普通法,Common law develops through judicial decisions rather than legislative statutes.,普通法透過司法判決而非立法法規發展而成。,
Law 法律,statutory law,n.,成文法,Statutory law consists of written laws enacted by legislative bodies.,成文法由立法機關制定的書面法律組成。,
Law 法律,due process,n.,正當程序,Due process ensures that legal proceedings are fair and follow established rules.,正當程序確保法律程序公平並遵循既定規則。,
Law 法律,habeas corpus,n.,人身保護令,Habeas corpus protects individuals from unlawful detention by requiring justification for imprisonment.,人身保護令透過要求說明監禁理由，保護個人免受非法拘禁。,
Law 法律,injunction,n.,禁制令,An injunction is a court order that requires a party to do or refrain from doing a specific act.,禁制令是法院命令，要求當事人作為或不作為特定行為。,
Law 法律,liability,n.,法律責任,Liability refers to legal responsibility for one's actions or omissions.,法律責任指個人對其行為或不作為所負的法律責任。,
Law 法律,tort,n.,侵權行為,"A tort is a civil wrong that causes harm, for which the injured party may seek compensation.",侵權行為是造成損害的民事不法行為，受害方可據此尋求賠償。,
Law 法律,felony,n.,重罪,A felony is a serious crime punishable by imprisonment for more than one year.,重罪是嚴重犯罪，可處以一年以上監禁。,
Law 法律,misdemeanor,n.,輕罪,A misdemeanor is a minor offense typically punishable by fines or short-term imprisonment.,輕罪是較輕微的違法行為，通常處以罰款或短期監禁。,
Law 法律,litigation,n.,訴訟,Litigation is the process of taking legal action to resolve a dispute through the court system.,訴訟是透過法院系統解決爭議的法律程序。,
Law 法律,prosecution,n.,檢察；起訴,The prosecution presents evidence to prove the defendant's guilt in a criminal case.,檢察方在刑事案件中提出證據以證明被告有罪。,
Law 法律,defense,n.,辯護,The defense attorney works to protect the rights of the accused and challenge the prosecution's case.,辯護律師致力於保護被告權利並質疑檢察方的指控。,
Law 法律,acquittal,n.,無罪判決,An acquittal means the defendant has been found not guilty of the charges.,無罪判決表示被告被裁定對指控無罪。,
Law 法律,conviction,n.,有罪判決,A conviction results when a defendant is found guilty beyond a reasonable doubt.,當被告被證明有罪且無合理懷疑時，即產生有罪判決。,
Law 法律,sentencing,n.,量刑,Sentencing determines the appropriate punishment for a convicted offender.,量刑決定對已定罪違法者的適當懲罰。,
Law 法律,parole,n.,假釋,Parole allows a prisoner to serve the remainder of their sentence under community supervision.,假釋允許囚犯在社區監督下服完剩餘刑期。,
Law 法律,probation,n.,緩刑,Probation is an alternative to imprisonment that requires offenders to follow specific conditions.,緩刑是監禁的替代方案，要求違法者遵守特定條件。,
Law 法律,subpoena,n.,傳票,A subpoena is a legal document that compels a witness to appear in court or produce evidence.,傳票是法律文件，強制證人出庭或提供證據。,
Law 法律,affidavit,n.,宣誓書,"An affidavit is a written statement confirmed by oath, used as evidence in legal proceedings.",宣誓書是經宣誓確認的書面陳述，用作法律程序中的證據。,
Law 法律,deposition,n.,證詞錄取,"A deposition is sworn testimony given outside of court, often used during discovery.",證詞錄取是在法庭外進行的宣誓證詞，常用於證據開示階段。,
Law 法律,discovery,n.,證據開示,Discovery is the pre-trial process where parties exchange information and evidence.,證據開示是審判前雙方交換資訊與證據的程序。,
Law 法律,burden of proof,n.,舉證責任,The burden of proof requires the prosecution to establish guilt beyond a reasonable doubt.,舉證責任要求檢察方證明被告有罪且無合理懷疑。,
Law 法律,presumption of innocence,n.,無罪推定,The presumption of innocence means a defendant is considered innocent until proven guilty.,無罪推定意指被告在被證明有罪之前視為無罪。,
Law 法律,rule of law,n.,法治,"The rule of law ensures that no one, including leaders, is above the law.",法治確保包括領導人在內的任何人都不能凌駕於法律之上。,
Law 法律,separation of powers,n.,三權分立,"Separation of powers divides government into legislative, executive, and judicial branches.",三權分立將政府分為立法、行政與司法三個部門。,
Law 法律,judicial review,n.,司法審查,Judicial review allows courts to examine whether laws or government actions comply with the constitution.,司法審查允許法院檢視法律或政府行為是否符合憲法。,
Law 法律,stare decisis,n.,遵循先例,Stare decisis is the legal principle of following precedent to ensure consistency in rulings.,遵循先例是法律原則，要求遵循判例以確保裁決一致性。,
Law 法律,mens rea,n.,犯罪意圖,Mens rea refers to the mental state or intent required to commit a crime.,犯罪意圖指構成犯罪所需的主觀心態或意圖。,
Law 法律,actus reus,n.,犯罪行為,Actus reus is the physical act or unlawful omission that constitutes a criminal offense.,犯罪行為指構成刑事犯罪的實際行為或不作為。,
Ethics 倫理,right,adj.,正確的,Doing the right thing often requires courage and moral reflection.,做正確的事通常需要勇氣與道德反思。,
Ethics 倫理,wrong,adj.,錯誤的,Recognizing wrong actions is the first step toward ethical improvement.,辨識錯誤行為是邁向道德提升的第一步。,
Ethics 倫理,good,adj.,好的,Good decisions consider both consequences and principles.,好的決策同時考量後果與原則。,
Ethics 倫理,bad,adj.,壞的,Bad outcomes may result from well-intentioned but poorly reasoned choices.,壞的結果可能源於善意但推理不當的選擇。,
Ethics 倫理,fair,adj.,公平的,Fair treatment means giving everyone equal consideration regardless of background.,公平對待意指不分背景，給予每個人同等考量。,
Ethics 倫理,honest,adj.,誠實的,Honest communication builds trust and strengthens relationships.,誠實溝通能建立信任並強化人際關係。,
Ethics 倫理,responsibility,n.,責任,Responsibility means being accountable for one's actions and their consequences.,責任意指對自身行為及其後果負責。,
Ethics 倫理,morality,n.,道德,Morality involves principles concerning the distinction between right and wrong.,道德涉及關於對錯區分的原則。,
Ethics 倫理,virtue,n.,美德,Honesty and courage are examples of important virtues.,誠實和勇氣是重要美德的例子。,
Ethics 倫理,duty,n.,義務,Duty refers to moral or legal obligations that guide our behavior.,義務指引導我們行為的道德或法律責任。,
Ethics 倫理,consequence,n.,後果,Ethical decisions require careful consideration of potential consequences.,道德決策需要仔細考量潛在後果。,
Ethics 倫理,principle,n.,原則,Principles provide consistent standards for evaluating ethical dilemmas.,原則為評估倫理兩難提供一致的標準。,
Ethics 倫理,value,n.,價值,Values shape our priorities and influence how we treat others.,價值觀塑造我們的優先順序，並影響我們對待他人的方式。,
Ethics 倫理,integrity,n.,誠信,Integrity means acting in accordance with one's moral principles even when unobserved.,誠信意指即使無人監督，仍依道德原則行事。,
Ethics 倫理,empathy,n.,同理心,Empathy allows us to understand and share the feelings of others.,同理心使我們能夠理解並分享他人的感受。,
Ethics 倫理,compassion,n.,慈悲,Compassion motivates us to alleviate suffering and promote well-being.,慈悲激勵我們減輕痛苦並促進福祉。,
Ethics 倫理,respect,n.,尊重,Respect for human dignity is foundational to ethical relationships.,尊重人的尊嚴是倫理關係的基礎。,
Ethics 倫理,utilitarianism,n.,功利主義,Utilitarianism promotes actions that provide the greatest good for the greatest number.,功利主義提倡能為最大多數人提供最大利益的行動。,
Ethics 倫理,deontology,n.,義務論,Deontology emphasizes following moral rules and duties regardless of outcomes.,義務論強調遵循道德規則與義務，不論結果如何。,
Ethics 倫理,virtue ethics,n.,美德倫理,Virtue ethics focuses on developing good character traits rather than following specific rules.,美德倫理專注於培養良好品格特質，而非遵循特定規則。,
Ethics 倫理,bioethics,n.,生命倫理,Bioethics examines moral issues arising from advances in medicine and biology.,生命倫理探討醫學與生物學進展所產生的道德議題。,
Ethics 倫理,environmental ethics,n.,環境倫理,Environmental ethics considers our moral responsibilities toward nature and future generations.,環境倫理探討我們對自然與後代的道德責任。,
Ethics 倫理,business ethics,n.,商業倫理,Business ethics guides organizations to operate with integrity and social responsibility.,商業倫理引導組織以誠信與社會責任營運。,
Ethics 倫理,medical ethics,n.,醫學倫理,"Medical ethics addresses dilemmas in healthcare, such as patient autonomy and resource allocation.",醫學倫理探討醫療領域的兩難，如病人自主權與資源分配。,
Ethics 倫理,research ethics,n.,研究倫理,Research ethics ensures that studies protect participants' rights and welfare.,研究倫理確保研究保護參與者的權利與福祉。,
Ethics 倫理,informed consent,n.,知情同意,Informed consent requires that participants fully understand the risks before joining research.,知情同意要求參與者在加入研究前充分理解相關風險。,
Ethics 倫理,algorithmic bias,n.,演算法偏見,Algorithmic bias occurs when AI systems reflect human prejudices in their decisions.,演算法偏見發生於人工智慧系統在決策中反映人類偏見時。,
Ethics 倫理,data privacy,n.,數據隱私,Data privacy protects individuals' personal information from unauthorized access and use.,數據隱私保護個人資訊免受未經授權的存取與使用。,
Ethics 倫理,digital ethics,n.,數位倫理,"Digital ethics addresses moral questions about technology use, online behavior, and information integrity.",數位倫理探討科技使用、網路行為與資訊完整性的道德問題。,
Ethics 倫理,AI ethics,n.,人工智慧倫理,AI ethics examines how artificial intelligence should be designed and deployed responsibly.,人工智慧倫理探討人工智慧應如何負責任地設計與部署。,
Ethics 倫理,genetic engineering ethics,n.,基因工程倫理,Genetic engineering ethics considers the moral implications of modifying human DNA.,基因工程倫理探討修改人類基因的道德意涵。,
Ethics 倫理,transhumanism,n.,超人類主義,Transhumanism advocates using technology to enhance human physical and cognitive abilities.,超人類主義主張運用科技增強人類的身體與認知能力。,
Ethics 倫理,dual-use technology,n.,雙重用途技術,"Dual-use technology can serve both civilian and military purposes, creating ethical dilemmas.",雙重用途技術可同時服務民用與軍事目的，因而產生倫理兩難。,
Ethics 倫理,responsible innovation,n.,負責任創新,Responsible innovation ensures that new technologies align with societal values and ethical standards.,負責任創新確保新科技符合社會價值與倫理標準。,
Ethics 倫理,precautionary principle,n.,預防原則,The precautionary principle advises caution when scientific uncertainty surrounds environmental risks.,預防原則建議在環境風險存在科學不確定性時採取謹慎態度。,
Ethics 倫理,intergenerational equity,n.,代際公平,Intergenerational equity means ensuring fairness between present and future generations.,代際公平意指確保當代與後代之間的公平性。,
Ethics 倫理,climate justice,n.,氣候正義,Climate justice demands that wealthy nations bear greater responsibility for emissions.,氣候正義要求富裕國家為碳排放承擔更大責任。,
Ethics 倫理,environmental justice,n.,環境正義,Environmental justice ensures that no community bears disproportionate environmental burdens.,環境正義確保沒有任何社區承受不成比例的環境負擔。,
Ethics 倫理,animal ethics,n.,動物倫理,Animal ethics examines our moral obligations toward non-human animals.,動物倫理探討我們對非人類動物的道德義務。,
Ethics 倫理,professional ethics,n.,專業倫理,Professional ethics guides practitioners to uphold standards of competence and integrity.,專業倫理引導從業人員維持專業能力與誠信的標準。,
Ethics 倫理,ethical relativism,n.,倫理相對主義,Ethical relativism holds that moral judgments depend on cultural or personal perspectives.,倫理相對主義認為道德判斷取決於文化或個人觀點。,
Ethics 倫理,ethical universalism,n.,倫理普遍主義,Ethical universalism asserts that certain moral principles apply to all people regardless of culture.,倫理普遍主義主張某些道德原則適用於所有人，不分文化。,
Ethics 倫理,moral dilemma,n.,道德兩難,A moral dilemma arises when competing ethical principles make a clear choice difficult.,道德兩難發生於相互衝突的倫理原則使明確選擇變得困難時。,
Ethics 倫理,moral reasoning,n.,道德推理,Moral reasoning involves applying ethical principles to analyze and resolve complex situations.,道德推理涉及運用倫理原則分析並解決複雜情境。,
Ethics 倫理,ethical framework,n.,倫理框架,An ethical framework provides structured guidance for making consistent moral decisions.,倫理框架為做出一致的道德決策提供結構化指引。,